﻿NAS AlphaCode,DFDD-like Code,Feature Class Names,FC Subtypes,500k Surface Reqs,250k Surface Reqs,50k Surface Reqs,
SpaceFacility,AL351,AeronauticSrf,100126,1562500,390625,15625,
Cane,EC010,AgricultureSrf,100393,-999999,-999999,62500,
CropLand,EA010,AgricultureSrf,100380,-999999,-999999,62500,
FishFarmFacility,BH051,AgricultureSrf,191951,1562500,390625,15625,
HoldingPen,AJ030,AgricultureSrf,100043,-999999,-999999,15625,
HopField,EA055,AgricultureSrf,100386,-999999,-999999,62500,
IndustrialFarm,AL270,AgricultureSrf,100129,-999999,390625,15625,
Orchard,EA040,AgricultureSrf,100384,-999999,390625,62500,
PlantNursery,EA030,AgricultureSrf,100382,-999999,-999999,15625,
RiceField,BH135,AgricultureSrf,100313,-999999,390625,62500,
Vineyard,EA050,AgricultureSrf,100385,-999999,-999999,62500,
ArcheologicalSite,AL012,CultureSrf,100082,1562500,390625,15625,
Cemetery,AL030,CultureSrf,100092,1562500,390625,15625,
ConservationArea,FA210,CultureSrf,100417,1562500,390625,15625,
MemorialMonument,AL130,CultureSrf,100108,15625,15625,625,
Park,AK120,CultureSrf,100065,1562500,390625,15625,
Ruins,AL200,CultureSrf,100116,1562500,390625,15625,
Facility,AL010,FacilitySrf,100080,1562500,390625,15625,
RadarStation,AT045,FacilitySrf,100207,15625,15625,15625,
ShoppingComplex,AG030,FacilitySrf,100034,-999999,-999999,15625,
LandSubjectToInundation,BH090,HydrographySrf,100307,1562500,390625,15625,
DisposalSite,AB000,IndustrySrf,100007,1562500,390625,15625,
ExtractionMine,AA010,IndustrySrf,100001,1562500,390625,15625,
HydrocarbonsField,AA052,IndustrySrf,100006,1562500,390625,1,# no requirement
MineralPile,AM040,IndustrySrf,100136,-999999,-999999,625,
RecyclingSite,AB010,IndustrySrf,100008,1562500,390625,15625,
SaltEvaporator,BH155,IndustrySrf,100317,1562500,390625,15625,
SettlingPond,AC030,IndustrySrf,100014,-999999,-999999,625,
WaterTreatmentBed,BH040,IndustrySrf,100299,-999999,-999999,625,
CastleComplex,AL376,MilitarySrf,132642,15625,15625,15625,
FiringRange,FA015,MilitarySrf,100410,-999999,-999999,15625,
MilitaryInstallation,SU001,MilitarySrf,100462,1562500,390625,15625,
SurfaceBunker,AM060,MilitarySrf,100137,-999999,-999999,625,
TestSite,FA100,MilitarySrf,100414,-999999,-999999,15625,
TrainingSite,FA165,MilitarySrf,100416,1562500,390625,15625,
Port,BB009,PortHarbourSrf,100223,1562500,390625,1,
StructuralPile,BD100,PortHarbourSrf,100271,-999999,-999999,15625,
AsphaltLake,DA005,PhysiographySrf,100356,1562500,390625,15625,
GeothermalOutlet,DB115,PhysiographySrf,100371,-999999,-999999,625,
Glacier,BJ030,PhysiographySrf,100341,1562500,390625,62500,
Island,BA030,PhysiographySrf,100217,1562500,390625,15625,
Oasis,EC020,PhysiographySrf,100394,1562500,390625,1,
Sabkha,BH160,PhysiographySrf,100318,1562500,390625,15625,
SaltFlat,BH150,PhysiographySrf,100316,1562500,390625,15625,
SandDunes,DB170,PhysiographySrf,100374,1562500,390625,62500,
SnowIceField,BJ100,PhysiographySrf,100349,-999999,390625,62500,
SoilSurfaceRegion,DA010,PhysiographySrf,100358,-999999,390625,62500,
Amphitheatre,AK164,RecreationSrf,100074,-999999,-999999,625,
AmusementPark,AK030,RecreationSrf,100054,1562500,390625,15625,
CampSite,AK060,RecreationSrf,100057,-999999,-999999,15625,
DriveInTheatre,AK070,RecreationSrf,100059,-999999,-999999,15625,
Fairground,AK090,RecreationSrf,100061,1562500,390625,15625,
GolfCourse,AK100,RecreationSrf,100062,1562500,390625,15625,
GolfDrivingRange,AK101,RecreationSrf,100063,-999999,-999999,15625,
PublicSquare,AL170,RecreationSrf,100114,-999999,-999999,625,
SportsGround,AK040,RecreationSrf,100055,-999999,202500,8125,
Stadium,AK160,RecreationSrf,154703,1562500,15625,625,
Zoo,AK180,RecreationSrf,100078,1562500,390625,15625,
CaravanPark,AI020,SettlementSrf,100040,-999999,-999999,15625,
ManufacturedHomePark,AI021,SettlementSrf,133168,-999999,-999999,15625,
ShantyTown,AL208,SettlementSrf,100118,1562500,390625,15625,
FuelStorageFacility,AM075,StorageSrf,100141,1562500,390625,15625,
GrainElevator,AM030,StorageSrf,100134,625,625,625,
StorageDepot,AM010,StorageSrf,100131,1562500,390625,15625,
StorageTank,AM070,StorageSrf,100139,625,625,625,
TankFarm,AM071,StorageSrf,100140,1562500,390625,15625,
ParkingGarage,AQ141,TransportationGroundSrf,100190,-999999,-999999,625,
RoadsideRestArea,AQ135,TransportationGroundSrf,100188,-999999,-999999,15625,
VehicleLot,AQ140,TransportationGroundSrf,100189,-999999,-999999,15625,
AerialFarm,AT012,UtilityInfrastructureSrf,100202,-999999,-999999,625,
PumpingStation,AQ116,UtilityInfrastructureSrf,100182,1562500,390625,15625,
SolarFarm,AD025,UtilityInfrastructureSrf,100020,15625,15625,15625,
WindFarm,AD060,UtilityInfrastructureSrf,100687,1562500,390625,15625,
Bog,BH015,VegetationSrf,100296,-999999,390625,15625,
Brush,EB070,VegetationSrf,100390,-999999,-999999,62500,
Forest,EC015,VegetationSrf,130380,-999999,390625,62500,
Grassland,EB010,VegetationSrf,100387,-999999,390625,62500,
Hummock,BH077,VegetationSrf,100304,-999999,-999999,62500,
Marsh,ED010,VegetationSrf,100399,-999999,390625,62500,
Swamp,ED020,VegetationSrf,100400,-999999,390625,62500,
Thicket,EB020,VegetationSrf,100388,-999999,-999999,62500,
Tundra,BJ110,VegetationSrf,100350,1562500,390625,62500,
